"","X","song","album","release_date","track_number","id","uri","acousticness","danceability","energy","instrumentalness","liveness","loudness","speechiness","tempo","valence","popularity","duration_ms","Axis_type","B_type","X50s_type","D_type","E_type","fc"
"1",157,"ANTI-HERO","Midnights","2022-10-21",3,"0V3wPSX9ygBnCm8psDIegu","spotify:track:0V3wPSX9ygBnCm8psDIegu",0.121,0.633,0.648,2.62e-06,0.161,-6.645,0.062,96.888,0.49,88,200690,FALSE,FALSE,FALSE,FALSE,TRUE,"Four Chords"
"2",158,"SNOW ON THE BEACH (FEAT. LANA DEL REY)","Midnights","2022-10-21",4,"1wtOxkiel43cVs0Yux5Q4h","spotify:track:1wtOxkiel43cVs0Yux5Q4h",0.701,0.663,0.321,0.000598,0.107,-13.527,0.0409,110.021,0.153,72,256124,FALSE,FALSE,FALSE,TRUE,FALSE,"Four Chords"
"3",160,"MIDNIGHT RAIN","Midnights","2022-10-21",6,"3rWDp9tBPQR9z6U5YyRSK4","spotify:track:3rWDp9tBPQR9z6U5YyRSK4",0.71,0.604,0.375,5.87e-05,0.116,-11.637,0.0633,137.651,0.203,80,174782,TRUE,FALSE,FALSE,FALSE,TRUE,"Four Chords"
"4",242,"CHAMPAGNE PROBLEMS","evermore","2020-12-11",2,"0sY6ZUTh4yoctD8VIXz339","spotify:track:0sY6ZUTh4yoctD8VIXz339",0.92,0.462,0.24,0,0.113,-12.077,0.0377,171.319,0.32,78,244000,TRUE,FALSE,FALSE,FALSE,FALSE,"Four Chords"
"5",253,"MARJORIE","evermore","2020-12-11",13,"12ntTeqEeTg7GAVpe8Mhpl","spotify:track:12ntTeqEeTg7GAVpe8Mhpl",0.876,0.535,0.561,0.000136,0.115,-11.609,0.0484,96.103,0.287,70,257773,FALSE,FALSE,FALSE,TRUE,FALSE,"Four Chords"
"6",316,"ILLICIT AFFAIRS","folklore","2020-07-24",10,"2NmsngXHeC1GQ9wWrzhOMf","spotify:track:2NmsngXHeC1GQ9wWrzhOMf",0.881,0.559,0.31,0,0.106,-10.445,0.0338,119.845,0.46,79,190898,FALSE,FALSE,TRUE,FALSE,FALSE,"Four Chords"
"7",317,"INVISIBLE STRING","folklore","2020-07-24",11,"6VsvKPJ4xjVNKpI8VVZ3SV","spotify:track:6VsvKPJ4xjVNKpI8VVZ3SV",0.838,0.653,0.452,7.73e-05,0.108,-11.143,0.055,83.433,0.45,75,252880,FALSE,TRUE,FALSE,FALSE,FALSE,"Four Chords"
"8",319,"EPIPHANY","folklore","2020-07-24",13,"08fa9LFcFBTcilB3iq2e2A","spotify:track:08fa9LFcFBTcilB3iq2e2A",0.731,0.175,0.267,0.000402,0.0858,-13.69,0.0302,94.203,0.106,66,289749,TRUE,FALSE,FALSE,FALSE,FALSE,"Four Chords"
"9",327,"THE ARCHER","Lover","2019-08-23",5,"3pHkh7d0lzM2AldUtz2x37","spotify:track:3pHkh7d0lzM2AldUtz2x37",0.12,0.292,0.574,0.00569,0.0663,-9.375,0.0401,124.344,0.166,79,211240,TRUE,FALSE,FALSE,FALSE,FALSE,"Four Chords"
"10",331,"CORNELIA STREET","Lover","2019-08-23",9,"12M5uqx0ZuwkpLp5rJim1a","spotify:track:12M5uqx0ZuwkpLp5rJim1a",0.781,0.824,0.624,0.000189,0.1,-9.728,0.0827,102.012,0.248,76,287266,TRUE,FALSE,FALSE,FALSE,FALSE,"Four Chords"
"11",333,"LONDON BOY","Lover","2019-08-23",11,"1LLXZFeAHK9R4xUramtUKw","spotify:track:1LLXZFeAHK9R4xUramtUKw",0.0246,0.695,0.71,0.000104,0.133,-6.639,0.05,157.925,0.557,76,190240,FALSE,FALSE,TRUE,FALSE,FALSE,"Four Chords"
"12",337,"AFTERGLOW","Lover","2019-08-23",15,"1SymEzIT3H8UZfibCs3TYi","spotify:track:1SymEzIT3H8UZfibCs3TYi",0.13,0.756,0.449,0,0.114,-8.746,0.0344,111.011,0.399,77,223293,FALSE,TRUE,FALSE,FALSE,FALSE,"Four Chords"
"13",340,"DAYLIGHT","Lover","2019-08-23",18,"1fzAuUVbzlhZ1lJAx9PtY6","spotify:track:1fzAuUVbzlhZ1lJAx9PtY6",0.808,0.557,0.496,0.000173,0.0772,-9.602,0.0563,149.983,0.265,81,293453,FALSE,TRUE,FALSE,FALSE,FALSE,"Four Chords"
"14",349,"GETAWAY CAR","reputation","2017-11-10",9,"0VE4kBnHJUgtMf0dy6DRmW","spotify:track:0VE4kBnHJUgtMf0dy6DRmW",0.00465,0.562,0.689,2.23e-06,0.0888,-6.745,0.127,172.054,0.351,82,233626,FALSE,TRUE,FALSE,FALSE,FALSE,"Four Chords"
"15",350,"KING OF MY HEART","reputation","2017-11-10",10,"7HuBDWi18s4aJM8UFnNheH","spotify:track:7HuBDWi18s4aJM8UFnNheH",0.00882,0.675,0.703,2.21e-06,0.0391,-7.902,0.0382,110.01,0.314,74,214320,FALSE,TRUE,FALSE,FALSE,FALSE,"Four Chords"
"16",353,"THIS IS WHY WE CAN'T HAVE NICE THINGS","reputation","2017-11-10",13,"07NxDD1iKCHbAldceD7QLP","spotify:track:07NxDD1iKCHbAldceD7QLP",0.0156,0.567,0.789,0,0.382,-5.986,0.115,163.96,0.438,72,207133,FALSE,FALSE,TRUE,FALSE,FALSE,"Four Chords"
"17",422,"BLANK SPACE","1989","2014-10-27",2,"1p80LdxRV74UKvL8gnD7ky","spotify:track:1p80LdxRV74UKvL8gnD7ky",0.085,0.753,0.678,1.64e-06,0.13,-5.421,0.0644,96.006,0.583,80,231826,FALSE,FALSE,TRUE,FALSE,FALSE,"Four Chords"
"18",424,"OUT OF THE WOODS","1989","2014-10-27",4,"5OndtwLGA9O6XHFcGm2H7r","spotify:track:5OndtwLGA9O6XHFcGm2H7r",0.00103,0.552,0.842,1.17e-05,0.337,-6.938,0.0373,91.991,0.343,76,235800,TRUE,FALSE,FALSE,FALSE,FALSE,"Four Chords"
"19",427,"I WISH YOU WOULD","1989","2014-10-27",7,"3wmN11qXGL0HyPojvEE1D9","spotify:track:3wmN11qXGL0HyPojvEE1D9",0.016,0.648,0.898,9.91e-05,0.109,-5.963,0.0513,118.02,0.502,73,207440,FALSE,FALSE,TRUE,FALSE,FALSE,"Four Chords"
"20",428,"BAD BLOOD","1989","2014-10-27",8,"273dCMFseLcVsoSWx59IoE","spotify:track:273dCMFseLcVsoSWx59IoE",0.0871,0.65,0.802,6.54e-06,0.148,-6.114,0.181,170.146,0.295,73,211933,FALSE,FALSE,FALSE,FALSE,TRUE,"Four Chords"
"21",429,"WILDEST DREAMS","1989","2014-10-27",9,"59HjlYCeBsxdI0fcm3zglw","spotify:track:59HjlYCeBsxdI0fcm3zglw",0.0702,0.554,0.666,0.00593,0.106,-7.414,0.0747,140.056,0.472,79,220440,FALSE,TRUE,FALSE,FALSE,FALSE,"Four Chords"
"22",431,"THIS LOVE","1989","2014-10-27",11,"3oKMl2tJv4fdidkXUYMI5x","spotify:track:3oKMl2tJv4fdidkXUYMI5x",0.635,0.475,0.459,0,0.101,-8.768,0.0333,143.988,0.0828,43,250093,TRUE,FALSE,FALSE,FALSE,FALSE,"Four Chords"
"23",432,"I KNOW PLACES","1989","2014-10-27",12,"3jBMHD19RZdAqG9iFQh7xc","spotify:track:3jBMHD19RZdAqG9iFQh7xc",0.231,0.596,0.763,0,0.2,-4.99,0.0661,159.958,0.507,70,195706,FALSE,TRUE,FALSE,FALSE,FALSE,"Four Chords"
"24",433,"CLEAN","1989","2014-10-27",13,"06WgOCf0LV2h4keYXDRnuh","spotify:track:06WgOCf0LV2h4keYXDRnuh",0.241,0.81,0.379,0,0.113,-7.771,0.0349,103.981,0.22,74,271000,TRUE,FALSE,FALSE,FALSE,FALSE,"Four Chords"
"25",458,"TREACHEROUS","Red","2012-10-22",3,"5kYFVSQoPu7yRpfiHBwMUk","spotify:track:5kYFVSQoPu7yRpfiHBwMUk",0.101,0.705,0.621,4.3e-06,0.147,-8.086,0.0334,109.993,0.395,67,240773,FALSE,TRUE,FALSE,FALSE,FALSE,"Four Chords"
"26",459,"I KNEW YOU WERE TROUBLE","Red","2012-10-22",4,"72jCZdH0Lhg93z6Z4hBjgj","spotify:track:72jCZdH0Lhg93z6Z4hBjgj",0.00454,0.622,0.469,2.25e-06,0.0398,-6.798,0.0363,77.019,0.679,76,217973,TRUE,FALSE,FALSE,FALSE,FALSE,"Four Chords"
"27",460,"ALL TOO WELL","Red","2012-10-22",5,"4XMP3zVxrnr58T0tjIHvpR","spotify:track:4XMP3zVxrnr58T0tjIHvpR",0.0382,0.602,0.609,2e-04,0.127,-7.803,0.0243,93.06,0.337,73,327893,TRUE,FALSE,FALSE,FALSE,FALSE,"Four Chords"
"28",463,"WE ARE NEVER EVER GETTING BACK TOGETHER","Red","2012-10-22",8,"7AEAGTc8cReDqcbPoY9gwo","spotify:track:7AEAGTc8cReDqcbPoY9gwo",0.00957,0.628,0.676,2.65e-05,0.102,-5.911,0.0916,85.984,0.75,77,191880,FALSE,FALSE,FALSE,FALSE,TRUE,"Four Chords"
"29",467,"SAD BEAUTIFUL TRAGIC","Red","2012-10-22",12,"6LKjHhOW1az75pCQ9XJJtF","spotify:track:6LKjHhOW1az75pCQ9XJJtF",0.632,0.624,0.34,0.0337,0.121,-12.411,0.029,129.987,0.261,67,283680,FALSE,TRUE,FALSE,FALSE,FALSE,"Four Chords"
"30",467,"SAD BEAUTIFUL TRAGIC","Red","2012-10-22",12,"6LKjHhOW1az75pCQ9XJJtF","spotify:track:6LKjHhOW1az75pCQ9XJJtF",0.632,0.624,0.34,0.0337,0.121,-12.411,0.029,129.987,0.261,67,283680,FALSE,FALSE,TRUE,FALSE,FALSE,"Four Chords"
"31",469,"EVERYTHING HAS CHANGED","Red","2012-10-22",14,"4NAmRvqSITAAzKWnC8yRq3","spotify:track:4NAmRvqSITAAzKWnC8yRq3",0.36,0.624,0.458,3.89e-06,0.303,-6.755,0.0287,80.017,0.436,49,243933,TRUE,FALSE,FALSE,FALSE,FALSE,"Four Chords"
"32",469,"EVERYTHING HAS CHANGED","Red","2012-10-22",14,"4NAmRvqSITAAzKWnC8yRq3","spotify:track:4NAmRvqSITAAzKWnC8yRq3",0.36,0.624,0.458,3.89e-06,0.303,-6.755,0.0287,80.017,0.436,49,243933,FALSE,FALSE,TRUE,FALSE,FALSE,"Four Chords"
"33",509,"SPARKS FLY","Speak Now","2010-10-25",2,"6d9IiDcFxtFVIvt9pCqyGH","spotify:track:6d9IiDcFxtFVIvt9pCqyGH",0.0396,0.605,0.787,1.42e-06,0.163,-3.002,0.0308,114.987,0.374,57,260933,FALSE,FALSE,FALSE,TRUE,FALSE,"Four Chords"
"34",511,"SPEAK NOW","Speak Now","2010-10-25",4,"24DefNCFiWTP8OjYWiXuYe","spotify:track:24DefNCFiWTP8OjYWiXuYe",0.095,0.709,0.599,0,0.0973,-3.734,0.0304,118.975,0.735,71,240760,FALSE,TRUE,FALSE,FALSE,FALSE,"Four Chords"
"35",513,"MEAN","Speak Now","2010-10-25",6,"5yEPktRqvIhko5QFF3aBhQ","spotify:track:5yEPktRqvIhko5QFF3aBhQ",0.452,0.568,0.761,0,0.217,-3.987,0.0459,163.974,0.789,72,237733,TRUE,FALSE,FALSE,FALSE,FALSE,"Four Chords"
"36",517,"BETTER THAN REVENGE","Speak Now","2010-10-25",10,"2ythurkTtSiyfK7GprJoFW","spotify:track:2ythurkTtSiyfK7GprJoFW",0.0139,0.516,0.917,6.37e-06,0.36,-3.186,0.0827,145.821,0.635,73,217160,FALSE,FALSE,FALSE,TRUE,FALSE,"Four Chords"
"37",519,"HAUNTED","Speak Now","2010-10-25",12,"28M2gifMU282QBM3fKajIS","spotify:track:28M2gifMU282QBM3fKajIS",0.0826,0.436,0.95,1.08e-06,0.149,-2.627,0.057,162.088,0.352,71,242080,FALSE,FALSE,FALSE,TRUE,FALSE,"Four Chords"
"38",520,"LAST KISS","Speak Now","2010-10-25",13,"4h0EXpatqJImv4VRgvX6po","spotify:track:4h0EXpatqJImv4VRgvX6po",0.57,0.371,0.341,3.09e-05,0.101,-9.475,0.0319,89.038,0.196,70,367133,FALSE,FALSE,TRUE,FALSE,FALSE,"Four Chords"
"39",541,"FEARLESS","Fearless","2008-11-11",1,"6Eu31gddWw0gOGO506pJYA","spotify:track:6Eu31gddWw0gOGO506pJYA",0.04,0.594,0.712,0,0.309,-4.418,0.0273,99.972,0.476,56,241986,FALSE,TRUE,FALSE,FALSE,FALSE,"Four Chords"
"40",543,"LOVE STORY","Fearless","2008-11-11",3,"1vrd6UOGamcKNGnSHJQlSt","spotify:track:1vrd6UOGamcKNGnSHJQlSt",0.17,0.618,0.741,0,0.0822,-3.95,0.031,118.984,0.296,67,235266,TRUE,FALSE,FALSE,FALSE,FALSE,"Four Chords"
"41",545,"WHITE HORSE","Fearless","2008-11-11",5,"6wn61Fzx9XMxQmieLpoIhW","spotify:track:6wn61Fzx9XMxQmieLpoIhW",0.305,0.578,0.34,0,0.104,-8.027,0.0264,92.702,0.223,51,234426,FALSE,FALSE,TRUE,FALSE,FALSE,"Four Chords"
"42",546,"YOU BELONG WITH ME","Fearless","2008-11-11",6,"3GCL1PydwsLodcpv0Ll1ch","spotify:track:3GCL1PydwsLodcpv0Ll1ch",0.162,0.687,0.783,1.35e-05,0.114,-4.44,0.0386,129.964,0.443,67,231133,FALSE,TRUE,FALSE,FALSE,FALSE,"Four Chords"
"43",547,"BREATHE","Fearless","2008-11-11",7,"49mWEy5MgtNujgT7xU3emT","spotify:track:49mWEy5MgtNujgT7xU3emT",0.379,0.505,0.482,0,0.113,-7.372,0.0276,73.975,0.184,42,263973,FALSE,FALSE,FALSE,FALSE,TRUE,"Four Chords"
"44",548,"TELL ME WHY","Fearless","2008-11-11",8,"3rnI1UCyGJvUTVvT97VQr5","spotify:track:3rnI1UCyGJvUTVvT97VQr5",0.0571,0.604,0.855,3.65e-06,0.343,-3.097,0.038,99.96,0.51,41,200546,FALSE,FALSE,FALSE,FALSE,TRUE,"Four Chords"
"45",549,"YOU'RE NOT SORRY","Fearless","2008-11-11",9,"0HmCuN0Z3OX1Qrz43FLOPL","spotify:track:0HmCuN0Z3OX1Qrz43FLOPL",0.146,0.475,0.452,1.36e-06,0.108,-4.134,0.027,133.959,0.276,43,261786,FALSE,FALSE,FALSE,TRUE,FALSE,"Four Chords"
"46",550,"THE WAY I LOVED YOU","Fearless","2008-11-11",10,"5P4wWhUYWM0IaVYLuZxdar","spotify:track:5P4wWhUYWM0IaVYLuZxdar",0.0408,0.433,0.7,0,0.115,-3.709,0.0336,160.927,0.398,49,244226,FALSE,TRUE,FALSE,FALSE,FALSE,"Four Chords"
"47",552,"THE BEST DAY","Fearless","2008-11-11",12,"3esA216TyLHEkNiBCeCmcg","spotify:track:3esA216TyLHEkNiBCeCmcg",0.647,0.666,0.434,1.95e-06,0.124,-8.543,0.0289,126.084,0.396,44,245333,FALSE,FALSE,TRUE,FALSE,FALSE,"Four Chords"
"48",553,"CHANGE","Fearless","2008-11-11",13,"1yACRKAwlXWhXXFUSkvzhD","spotify:track:1yACRKAwlXWhXXFUSkvzhD",0.00408,0.541,0.77,0,0.117,-4.17,0.0354,96.013,0.215,39,280240,TRUE,FALSE,FALSE,FALSE,FALSE,"Four Chords"
"49",562,"TIM MCGRAW","Taylor Swift","2006-10-24",1,"0Om9WAB5RS09L80DyOfTNa","spotify:track:0Om9WAB5RS09L80DyOfTNa",0.575,0.58,0.491,0,0.121,-6.462,0.0251,76.009,0.425,64,232106,FALSE,FALSE,TRUE,FALSE,FALSE,"Four Chords"
"50",564,"TEARDROPS ON MY GUITAR - RADIO SINGLE REMIX","Taylor Swift","2006-10-24",3,"7zMcNqs55Mxer82bvZFkpg","spotify:track:7zMcNqs55Mxer82bvZFkpg",0.288,0.621,0.417,0,0.119,-6.941,0.0231,99.953,0.289,65,203040,TRUE,FALSE,TRUE,TRUE,FALSE,"Four Chords"
"51",565,"A PLACE IN THIS WORLD","Taylor Swift","2006-10-24",4,"73OX8GdpOeGzKC6OvGSbsv","spotify:track:73OX8GdpOeGzKC6OvGSbsv",0.051,0.576,0.777,0,0.32,-2.881,0.0324,115.028,0.428,56,199200,FALSE,FALSE,FALSE,TRUE,FALSE,"Four Chords"
"52",567,"THE OUTSIDE","Taylor Swift","2006-10-24",6,"2QA3IixpRcKyOdG7XDzRgv","spotify:track:2QA3IixpRcKyOdG7XDzRgv",0.00491,0.589,0.805,0,0.24,-4.055,0.0293,112.982,0.591,54,207106,FALSE,TRUE,FALSE,FALSE,FALSE,"Four Chords"
"53",568,"TIED TOGETHER WITH A SMILE","Taylor Swift","2006-10-24",7,"6K0CJLVXqbGMeJSmJ4ENKK","spotify:track:6K0CJLVXqbGMeJSmJ4ENKK",0.525,0.479,0.578,0,0.0841,-4.963,0.0294,146.165,0.192,54,248106,FALSE,TRUE,FALSE,FALSE,FALSE,"Four Chords"
"54",570,"SHOULD'VE SAID NO","Taylor Swift","2006-10-24",9,"16MVSD0mGI4RMQT83Qzm69","spotify:track:16MVSD0mGI4RMQT83Qzm69",0.0103,0.476,0.777,0,0.196,-3.771,0.0289,167.964,0.472,63,242200,TRUE,FALSE,FALSE,FALSE,FALSE,"Four Chords"
"55",574,"INVISIBLE","Taylor Swift","2006-10-24",13,"5OOd01o2YS1QFwdpVLds3r","spotify:track:5OOd01o2YS1QFwdpVLds3r",0.637,0.612,0.394,0,0.147,-5.723,0.0243,96.001,0.233,53,203226,FALSE,TRUE,FALSE,FALSE,FALSE,"Four Chords"
"56",576,"TEARDROPS ON MY GUITAR - POP VERSION","Taylor Swift","2006-10-24",15,"4pJi1rVt9GNegU9kywjg4z","spotify:track:4pJi1rVt9GNegU9kywjg4z",0.0402,0.459,0.753,0,0.0863,-3.827,0.0537,199.997,0.483,53,179066,TRUE,FALSE,TRUE,TRUE,FALSE,"Four Chords"
"57",155,"LAVENDER HAZE","Midnights","2022-10-21",1,"5jQI2r1RdgtuT8S3iG8zFC","spotify:track:5jQI2r1RdgtuT8S3iG8zFC",0.23,0.735,0.449,0.00126,0.132,-10.56,0.0883,97.05,0.0955,79,202395,FALSE,FALSE,FALSE,FALSE,FALSE,"Other"
"58",156,"MAROON","Midnights","2022-10-21",2,"3eX0NZfLtGzoLUxPNvRfqm","spotify:track:3eX0NZfLtGzoLUxPNvRfqm",0.0634,0.655,0.384,1.45e-06,0.0973,-8.29,0.0349,108.058,0.0384,75,218270,FALSE,FALSE,FALSE,FALSE,FALSE,"Other"
"59",159,"YOU'RE ON YOUR OWN, KID","Midnights","2022-10-21",5,"4D7BCuvgdJlYvlX5WlN54t","spotify:track:4D7BCuvgdJlYvlX5WlN54t",0.447,0.696,0.39,1.55e-05,0.125,-10.331,0.0616,120.032,0.395,81,194206,FALSE,FALSE,FALSE,FALSE,FALSE,"Other"
"60",161,"QUESTION...?","Midnights","2022-10-21",7,"0heeNYlwOGuUSe7TgUD27B","spotify:track:0heeNYlwOGuUSe7TgUD27B",0.206,0.654,0.51,0,0.249,-8.767,0.242,108.874,0.105,69,210556,FALSE,FALSE,FALSE,FALSE,FALSE,"Other"
"61",162,"VIGILANTE SHIT","Midnights","2022-10-21",8,"1xwAWUI6Dj0WGC3KiUPN0O","spotify:track:1xwAWUI6Dj0WGC3KiUPN0O",0.166,0.872,0.267,2.18e-05,0.123,-10.764,0.387,79.964,0.168,76,164801,FALSE,FALSE,FALSE,FALSE,FALSE,"Other"
"62",163,"BEJEWELED","Midnights","2022-10-21",9,"3qoftcUZaUOncvIYjFSPdE","spotify:track:3qoftcUZaUOncvIYjFSPdE",0.0593,0.687,0.551,0.000143,0.09,-9.202,0.0787,163.994,0.443,79,194165,FALSE,FALSE,FALSE,FALSE,FALSE,"Other"
"63",164,"LABYRINTH","Midnights","2022-10-21",10,"0A1JLUlkZkp2EFrosoNQi0","spotify:track:0A1JLUlkZkp2EFrosoNQi0",0.797,0.48,0.295,0.333,0.12,-15.512,0.0384,110.018,0.132,72,247962,FALSE,FALSE,FALSE,FALSE,FALSE,"Other"
"64",165,"KARMA","Midnights","2022-10-21",11,"7KokYm8cMIXCsGVmUvKtqf","spotify:track:7KokYm8cMIXCsGVmUvKtqf",0.062,0.64,0.619,0,0.475,-7.108,0.065,90.008,0.121,83,204852,FALSE,FALSE,FALSE,FALSE,FALSE,"Other"
"65",166,"SWEET NOTHING","Midnights","2022-10-21",12,"0wavGRldH0AWyu2zvTz8zb","spotify:track:0wavGRldH0AWyu2zvTz8zb",0.968,0.336,0.161,0.00011,0.115,-14.973,0.0456,176.48,0.407,72,188496,FALSE,FALSE,FALSE,FALSE,FALSE,"Other"
"66",167,"MASTERMIND","Midnights","2022-10-21",13,"7FmYn9e7KHMXcxqGSj9LjH","spotify:track:7FmYn9e7KHMXcxqGSj9LjH",0.565,0.66,0.343,0.00134,0.0922,-14.132,0.14,125.96,0.137,73,191039,FALSE,FALSE,FALSE,FALSE,FALSE,"Other"
"67",241,"WILLOW","evermore","2020-12-11",1,"0lx2cLdOt3piJbcaXIV74f","spotify:track:0lx2cLdOt3piJbcaXIV74f",0.833,0.392,0.574,0.00179,0.145,-9.195,0.17,81.112,0.529,79,214706,FALSE,FALSE,FALSE,FALSE,FALSE,"Other"
"68",243,"GOLD RUSH","evermore","2020-12-11",3,"5BK0uqwY9DNfZ630STAEaq","spotify:track:5BK0uqwY9DNfZ630STAEaq",0.83,0.512,0.462,0.166,0.121,-10.491,0.0408,112.05,0.353,70,185320,FALSE,FALSE,FALSE,FALSE,FALSE,"Other"
"69",244,"‘TIS THE DAMN SEASON","evermore","2020-12-11",4,"7dW84mWkdWE5a6lFWxJCBG","spotify:track:7dW84mWkdWE5a6lFWxJCBG",0.735,0.575,0.434,6.59e-05,0.105,-8.193,0.0312,145.916,0.348,70,229840,FALSE,FALSE,FALSE,FALSE,FALSE,"Other"
"70",245,"TOLERATE IT","evermore","2020-12-11",5,"0PurA4JVJ8YQgSVopY8fn6","spotify:track:0PurA4JVJ8YQgSVopY8fn6",0.878,0.316,0.361,2.67e-05,0.0797,-10.381,0.0488,74.952,0.221,76,245440,FALSE,FALSE,FALSE,FALSE,FALSE,"Other"
"71",246,"NO BODY, NO CRIME (FEAT. HAIM)","evermore","2020-12-11",6,"3RaT22zZsxVYxxKR7TAaYF","spotify:track:3RaT22zZsxVYxxKR7TAaYF",0.418,0.546,0.613,0,0.103,-7.589,0.0264,79.015,0.535,68,215626,FALSE,FALSE,FALSE,FALSE,FALSE,"Other"
"72",247,"HAPPINESS","evermore","2020-12-11",7,"73YUReisjb3A9ActdLLjJQ","spotify:track:73YUReisjb3A9ActdLLjJQ",0.87,0.559,0.334,0,0.114,-10.733,0.0376,122.079,0.211,66,315146,FALSE,FALSE,FALSE,FALSE,FALSE,"Other"
"73",248,"DOROTHEA","evermore","2020-12-11",8,"670fUmXf4KQekzbEgaXyPA","spotify:track:670fUmXf4KQekzbEgaXyPA",0.696,0.605,0.488,0,0.129,-8.322,0.0264,119.966,0.354,64,225880,FALSE,FALSE,FALSE,FALSE,FALSE,"Other"
"74",249,"CONEY ISLAND (FEAT. THE NATIONAL)","evermore","2020-12-11",9,"3k7ne7VmH43ZPWxPdvPUgR","spotify:track:3k7ne7VmH43ZPWxPdvPUgR",0.819,0.537,0.537,0.000904,0.142,-11.266,0.0617,107.895,0.292,63,275320,FALSE,FALSE,FALSE,FALSE,FALSE,"Other"
"75",250,"IVY","evermore","2020-12-11",10,"19CSr8rwW05VJL2F91KFNK","spotify:track:19CSr8rwW05VJL2F91KFNK",0.855,0.515,0.545,1.97e-05,0.0921,-9.277,0.0353,88.856,0.535,69,260440,FALSE,FALSE,FALSE,FALSE,FALSE,"Other"
"76",251,"COWBOY LIKE ME","evermore","2020-12-11",11,"1XjHRolIXL2M1EEOUsGGR4","spotify:track:1XjHRolIXL2M1EEOUsGGR4",0.768,0.604,0.517,0.000155,0.123,-9.014,0.0347,127.967,0.511,68,275040,FALSE,FALSE,FALSE,FALSE,FALSE,"Other"
"77",252,"LONG STORY SHORT","evermore","2020-12-11",12,"2o2sgVJIgFXk8GQjWTgI6U","spotify:track:2o2sgVJIgFXk8GQjWTgI6U",0.66,0.546,0.73,0.179,0.0972,-7.704,0.0417,157.895,0.573,64,215920,FALSE,FALSE,FALSE,FALSE,FALSE,"Other"
"78",254,"CLOSURE","evermore","2020-12-11",14,"35rdVq36LMHQX0Suw9a6tK","spotify:track:35rdVq36LMHQX0Suw9a6tK",0.835,0.689,0.704,4.83e-06,0.134,-10.813,0.245,151.884,0.92,62,180653,FALSE,FALSE,FALSE,FALSE,FALSE,"Other"
"79",255,"EVERMORE (FEAT. BON IVER)","evermore","2020-12-11",15,"3O5osWf1rSoKMwe6E9ZaXP","spotify:track:3O5osWf1rSoKMwe6E9ZaXP",0.937,0.39,0.27,0.00227,0.111,-10.673,0.0308,125.177,0.32,65,304106,FALSE,FALSE,FALSE,FALSE,FALSE,"Other"
"80",307,"THE 1","folklore","2020-07-24",1,"0Jlcvv8IykzHaSmj49uNW8","spotify:track:0Jlcvv8IykzHaSmj49uNW8",0.757,0.777,0.357,7.28e-06,0.108,-6.942,0.0522,139.884,0.172,77,210251,FALSE,FALSE,FALSE,FALSE,FALSE,"Other"
"81",308,"CARDIGAN","folklore","2020-07-24",2,"4R2kfaDFhslZEMJqAFNpdd","spotify:track:4R2kfaDFhslZEMJqAFNpdd",0.537,0.613,0.581,0.000345,0.25,-8.588,0.0424,130.033,0.551,87,239560,FALSE,FALSE,FALSE,FALSE,FALSE,"Other"
"82",309,"THE LAST GREAT AMERICAN DYNASTY","folklore","2020-07-24",3,"2Eeur20xVqfUoM3Q7EFPFt","spotify:track:2Eeur20xVqfUoM3Q7EFPFt",0.467,0.686,0.662,0.0023,0.109,-8.505,0.0413,147.922,0.706,74,230999,FALSE,FALSE,FALSE,FALSE,FALSE,"Other"
"83",310,"EXILE (FEAT. BON IVER)","folklore","2020-07-24",4,"4pvb0WLRcMtbPGmtejJJ6y","spotify:track:4pvb0WLRcMtbPGmtejJJ6y",0.778,0.298,0.38,5.62e-05,0.11,-8.426,0.0287,75.602,0.152,79,285634,FALSE,FALSE,FALSE,FALSE,FALSE,"Other"
"84",311,"MY TEARS RICOCHET","folklore","2020-07-24",5,"1MgV7FIyNxIG7WzMRJV5HC","spotify:track:1MgV7FIyNxIG7WzMRJV5HC",0.806,0.469,0.263,0,0.0749,-10.63,0.0329,129.86,0.112,78,255893,FALSE,FALSE,FALSE,FALSE,FALSE,"Other"
"85",312,"MIRRORBALL","folklore","2020-07-24",6,"0ZNU020wNYvgW84iljPkPP","spotify:track:0ZNU020wNYvgW84iljPkPP",0.687,0.553,0.413,2.33e-06,0.0594,-10.037,0.0334,110.107,0.379,76,208977,FALSE,FALSE,FALSE,FALSE,FALSE,"Other"
"86",313,"SEVEN","folklore","2020-07-24",7,"6KJqZcs9XDgVck7Lg9QOTC","spotify:track:6KJqZcs9XDgVck7Lg9QOTC",0.9,0.596,0.488,2.7e-05,0.091,-10.769,0.0274,94.922,0.415,72,208906,FALSE,FALSE,FALSE,FALSE,FALSE,"Other"
"87",314,"AUGUST","folklore","2020-07-24",8,"3hUxzQpSfdDqwM3ZTFQY0K","spotify:track:3hUxzQpSfdDqwM3ZTFQY0K",0.538,0.532,0.623,7.28e-05,0.0925,-9.208,0.0331,89.937,0.403,87,261922,FALSE,FALSE,FALSE,FALSE,FALSE,"Other"
"88",315,"THIS IS ME TRYING","folklore","2020-07-24",9,"7kt9e9LFSpN1zQtYEl19o1","spotify:track:7kt9e9LFSpN1zQtYEl19o1",0.314,0.515,0.476,4.74e-05,0.171,-9.843,0.0328,135.886,0.412,76,195097,FALSE,FALSE,FALSE,FALSE,FALSE,"Other"
"89",318,"MAD WOMAN","folklore","2020-07-24",12,"2QDyYdZyhlP2fp79KZX8Bi","spotify:track:2QDyYdZyhlP2fp79KZX8Bi",0.655,0.592,0.699,1.68e-05,0.114,-8.995,0.0471,141.916,0.506,68,237258,FALSE,FALSE,FALSE,FALSE,FALSE,"Other"
"90",320,"BETTY","folklore","2020-07-24",14,"5kI4eCXXzyuIUXjQra0Cxi","spotify:track:5kI4eCXXzyuIUXjQra0Cxi",0.6,0.593,0.377,0,0.0976,-8.761,0.0253,95.939,0.502,74,294521,FALSE,FALSE,FALSE,FALSE,FALSE,"Other"
"91",321,"PEACE","folklore","2020-07-24",15,"7MbT4I8qGntX4fMdqMQgke","spotify:track:7MbT4I8qGntX4fMdqMQgke",0.918,0.647,0.272,1.73e-05,0.0918,-12.906,0.0916,150.044,0.339,68,234000,FALSE,FALSE,FALSE,FALSE,FALSE,"Other"
"92",322,"HOAX","folklore","2020-07-24",16,"6MWoRt97mnSTXZhu3ggi9C","spotify:track:6MWoRt97mnSTXZhu3ggi9C",0.966,0.662,0.181,3.86e-06,0.133,-15.065,0.0415,118.819,0.429,67,220042,FALSE,FALSE,FALSE,FALSE,FALSE,"Other"
"93",323,"I FORGOT THAT YOU EXISTED","Lover","2019-08-23",1,"43rA71bccXFGD4C8GOpIlN","spotify:track:43rA71bccXFGD4C8GOpIlN",0.298,0.664,0.316,2.03e-06,0.0812,-10.345,0.519,92.875,0.541,74,170640,FALSE,FALSE,FALSE,FALSE,FALSE,"Other"
"94",324,"CRUEL SUMMER","Lover","2019-08-23",2,"1BxfuPKGuaTgP7aM0Bbdwr","spotify:track:1BxfuPKGuaTgP7aM0Bbdwr",0.117,0.552,0.702,2.06e-05,0.105,-5.707,0.157,169.994,0.564,95,178426,FALSE,FALSE,FALSE,FALSE,FALSE,"Other"
"95",325,"LOVER","Lover","2019-08-23",3,"1dGr1c8CrMLDpV6mPbImSI","spotify:track:1dGr1c8CrMLDpV6mPbImSI",0.492,0.359,0.543,1.58e-05,0.118,-7.582,0.0919,68.534,0.453,89,221306,FALSE,FALSE,FALSE,FALSE,FALSE,"Other"
"96",326,"THE MAN","Lover","2019-08-23",4,"3RauEVgRgj1IuWdJ9fDs70","spotify:track:3RauEVgRgj1IuWdJ9fDs70",0.0767,0.777,0.658,0,0.0901,-5.191,0.054,110.048,0.633,83,190360,FALSE,FALSE,FALSE,FALSE,FALSE,"Other"
"97",328,"I THINK HE KNOWS","Lover","2019-08-23",6,"2YWtcWi3a83pdEg3Gif4Pd","spotify:track:2YWtcWi3a83pdEg3Gif4Pd",0.00889,0.897,0.366,0.000353,0.0715,-8.029,0.0569,100.003,0.416,74,173386,FALSE,FALSE,FALSE,FALSE,FALSE,"Other"
"98",329,"MISS AMERICANA & THE HEARTBREAK PRINCE","Lover","2019-08-23",7,"214nt20w5wOxJnY462klLw","spotify:track:214nt20w5wOxJnY462klLw",0.028,0.662,0.747,0.00615,0.138,-6.926,0.0736,150.088,0.487,80,234146,FALSE,FALSE,FALSE,FALSE,FALSE,"Other"
"99",330,"PAPER RINGS","Lover","2019-08-23",8,"4y5bvROuBDPr5fuwXbIBZR","spotify:track:4y5bvROuBDPr5fuwXbIBZR",0.0129,0.811,0.719,1.36e-05,0.0742,-6.553,0.0497,103.979,0.865,81,222400,FALSE,FALSE,FALSE,FALSE,FALSE,"Other"
"100",332,"DEATH BY A THOUSAND CUTS","Lover","2019-08-23",10,"2dgFqt3w9xIQRjhPtwNk3D","spotify:track:2dgFqt3w9xIQRjhPtwNk3D",0.454,0.712,0.732,0,0.319,-6.754,0.0629,94.071,0.313,74,198533,FALSE,FALSE,FALSE,FALSE,FALSE,"Other"
"101",334,"SOON YOU’LL GET BETTER (FEAT. THE CHICKS)","Lover","2019-08-23",12,"4AYtqFyFbX0Xkc2wtcygTr","spotify:track:4AYtqFyFbX0Xkc2wtcygTr",0.907,0.433,0.182,0,0.123,-12.566,0.0641,207.476,0.421,68,201586,FALSE,FALSE,FALSE,FALSE,FALSE,"Other"
"102",335,"FALSE GOD","Lover","2019-08-23",13,"5hQSXkFgbxjZo9uCwd11so","spotify:track:5hQSXkFgbxjZo9uCwd11so",0.736,0.739,0.32,0.000147,0.111,-10.862,0.239,79.97,0.351,75,200306,FALSE,FALSE,FALSE,FALSE,FALSE,"Other"
"103",336,"YOU NEED TO CALM DOWN","Lover","2019-08-23",14,"6RRNNciQGZEXnqk8SQ9yv5","spotify:track:6RRNNciQGZEXnqk8SQ9yv5",0.00929,0.771,0.671,0,0.0637,-5.617,0.0553,85.026,0.714,82,171360,FALSE,FALSE,FALSE,FALSE,FALSE,"Other"
"104",338,"ME! (FEAT. BRENDON URIE OF PANIC! AT THE DISCO)","Lover","2019-08-23",16,"2Rk4JlNc2TPmZe2af99d45","spotify:track:2Rk4JlNc2TPmZe2af99d45",0.033,0.61,0.83,0,0.118,-4.105,0.0571,182.162,0.728,77,193000,FALSE,FALSE,FALSE,FALSE,FALSE,"Other"
"105",339,"IT’S NICE TO HAVE A FRIEND","Lover","2019-08-23",17,"1SmiQ65iSAbPto6gPFlBYm","spotify:track:1SmiQ65iSAbPto6gPFlBYm",0.971,0.737,0.175,0.000337,0.171,-9.912,0.0401,70.008,0.545,68,150440,FALSE,FALSE,FALSE,FALSE,FALSE,"Other"
"106",341,"...READY FOR IT?","reputation","2017-11-10",1,"2yLa0QULdQr0qAIvVwN6B5","spotify:track:2yLa0QULdQr0qAIvVwN6B5",0.0527,0.613,0.764,0,0.197,-6.509,0.136,160.015,0.417,83,208186,FALSE,FALSE,FALSE,FALSE,FALSE,"Other"
"107",342,"END GAME","reputation","2017-11-10",2,"2x0WlnmfG39ZuDmstl9xfX","spotify:track:2x0WlnmfG39ZuDmstl9xfX",0.00845,0.649,0.589,0,0.108,-6.237,0.0558,159.073,0.151,77,244826,FALSE,FALSE,FALSE,FALSE,FALSE,"Other"
"108",343,"I DID SOMETHING BAD","reputation","2017-11-10",3,"4svZDCRz4cJoneBpjpx8DJ","spotify:track:4svZDCRz4cJoneBpjpx8DJ",0.0679,0.696,0.602,2.11e-05,0.0696,-6.156,0.159,82.989,0.305,77,238253,FALSE,FALSE,FALSE,FALSE,FALSE,"Other"
"109",344,"DON’T BLAME ME","reputation","2017-11-10",4,"1R0a2iXumgCiFb7HEZ7gUE","spotify:track:1R0a2iXumgCiFb7HEZ7gUE",0.106,0.615,0.534,1.76e-05,0.0607,-6.719,0.0386,135.917,0.193,87,236413,FALSE,FALSE,FALSE,FALSE,FALSE,"Other"
"110",345,"DELICATE","reputation","2017-11-10",5,"6NFyWDv5CjfwuzoCkw47Xf","spotify:track:6NFyWDv5CjfwuzoCkw47Xf",0.216,0.75,0.404,0.000357,0.0911,-10.178,0.0682,95.045,0.0499,83,232253,FALSE,FALSE,FALSE,FALSE,FALSE,"Other"
"111",346,"LOOK WHAT YOU MADE ME DO","reputation","2017-11-10",6,"1P17dC1amhFzptugyAO7Il","spotify:track:1P17dC1amhFzptugyAO7Il",0.204,0.766,0.709,1.41e-05,0.126,-6.471,0.123,128.07,0.506,83,211853,FALSE,FALSE,FALSE,FALSE,FALSE,"Other"
"112",347,"SO IT GOES...","reputation","2017-11-10",7,"5PxFv9yJEg9dxvbZggykro","spotify:track:5PxFv9yJEg9dxvbZggykro",0.122,0.574,0.61,1.1e-06,0.13,-7.283,0.0732,74.957,0.374,71,227906,FALSE,FALSE,FALSE,FALSE,FALSE,"Other"
"113",348,"GORGEOUS","reputation","2017-11-10",8,"1ZY1PqizIl78geGM4xWlEA","spotify:track:1ZY1PqizIl78geGM4xWlEA",0.0713,0.8,0.535,9.48e-06,0.213,-6.684,0.135,92.027,0.451,78,209680,FALSE,FALSE,FALSE,FALSE,FALSE,"Other"
"114",351,"DANCING WITH OUR HANDS TIED","reputation","2017-11-10",11,"7I7JbDv63ZJJsSi24DyJrz","spotify:track:7I7JbDv63ZJJsSi24DyJrz",0.0604,0.624,0.691,1.1e-05,0.138,-6.686,0.196,160.024,0.284,74,211506,FALSE,FALSE,FALSE,FALSE,FALSE,"Other"
"115",352,"DRESS","reputation","2017-11-10",12,"6oVxXO5oQ4pTpO8RSnkzvv","spotify:track:6oVxXO5oQ4pTpO8RSnkzvv",0.0329,0.719,0.469,0,0.169,-8.792,0.0533,120.085,0.0851,78,230373,FALSE,FALSE,FALSE,FALSE,FALSE,"Other"
"116",354,"CALL IT WHAT YOU WANT","reputation","2017-11-10",14,"1GwMQaZz6Au3QLDbjbMdme","spotify:track:1GwMQaZz6Au3QLDbjbMdme",0.186,0.598,0.504,0.000221,0.34,-9.874,0.0731,163.954,0.252,77,203506,FALSE,FALSE,FALSE,FALSE,FALSE,"Other"
"117",355,"NEW YEAR’S DAY","reputation","2017-11-10",15,"7F5oktn5YOsR9eR5YsFtqb","spotify:track:7F5oktn5YOsR9eR5YsFtqb",0.921,0.661,0.151,0,0.13,-12.864,0.0354,94.922,0.23,72,235466,FALSE,FALSE,FALSE,FALSE,FALSE,"Other"
"118",421,"WELCOME TO NEW YORK","1989","2014-10-27",1,"6qnM0XXPZOINWA778uNqQ9","spotify:track:6qnM0XXPZOINWA778uNqQ9",0.038,0.793,0.634,1.76e-06,0.304,-4.807,0.0324,117.024,0.615,75,212600,FALSE,FALSE,FALSE,FALSE,FALSE,"Other"
"119",423,"STYLE","1989","2014-10-27",3,"4lIxdJw6W3Fg4vUIYCB0S5","spotify:track:4lIxdJw6W3Fg4vUIYCB0S5",0.00253,0.598,0.786,0.0016,0.117,-5.572,0.0383,95.019,0.456,81,231000,FALSE,FALSE,FALSE,FALSE,FALSE,"Other"
"120",425,"ALL YOU HAD TO DO WAS STAY","1989","2014-10-27",5,"0dAb8TY433dl3ZfXYCLE19","spotify:track:0dAb8TY433dl3ZfXYCLE19",0.00196,0.602,0.736,4.57e-05,0.105,-5.778,0.0338,96.969,0.471,73,193293,FALSE,FALSE,FALSE,FALSE,FALSE,"Other"
"121",426,"SHAKE IT OFF","1989","2014-10-27",6,"5xTtaWoae3wi06K5WfVUUH","spotify:track:5xTtaWoae3wi06K5WfVUUH",0.0561,0.647,0.785,0,0.148,-5.414,0.165,160.015,0.943,77,219200,FALSE,FALSE,FALSE,FALSE,FALSE,"Other"
"122",430,"HOW YOU GET THE GIRL","1989","2014-10-27",10,"4dYUOfmWna6DFccnz732n8","spotify:track:4dYUOfmWna6DFccnz732n8",0.00461,0.764,0.66,0.00477,0.0915,-6.136,0.0494,119.988,0.524,70,247533,FALSE,FALSE,FALSE,FALSE,FALSE,"Other"
"123",456,"STATE OF GRACE","Red","2012-10-22",1,"786NsUYn4GGUf8AOt0SQhP","spotify:track:786NsUYn4GGUf8AOt0SQhP",0.000197,0.588,0.825,0.00138,0.0885,-5.882,0.0328,129.968,0.397,67,295186,FALSE,FALSE,FALSE,FALSE,FALSE,"Other"
"124",457,"RED","Red","2012-10-22",2,"0cITLOYn1Sv4q27zZPqlNK","spotify:track:0cITLOYn1Sv4q27zZPqlNK",0.0773,0.602,0.896,8.87e-05,0.091,-4.267,0.0437,124.978,0.641,76,220826,FALSE,FALSE,FALSE,FALSE,FALSE,"Other"
"125",461,"22","Red","2012-10-22",6,"2ULNeSomDxVNmdDy8VxEBU","spotify:track:2ULNeSomDxVNmdDy8VxEBU",0.00215,0.658,0.729,0.0013,0.0752,-6.561,0.0378,104.007,0.668,76,230133,FALSE,FALSE,FALSE,FALSE,FALSE,"Other"
"126",462,"I ALMOST DO","Red","2012-10-22",7,"5VwFkx7JOimOGTYfha5rs1","spotify:track:5VwFkx7JOimOGTYfha5rs1",0.0173,0.567,0.481,4.13e-05,0.182,-7.357,0.027,145.865,0.233,66,242573,FALSE,FALSE,FALSE,FALSE,FALSE,"Other"
"127",464,"STAY STAY STAY","Red","2012-10-22",9,"1qLeEu4iXEclkLwoBlMiou","spotify:track:1qLeEu4iXEclkLwoBlMiou",0.307,0.729,0.748,1.29e-06,0.09,-6.67,0.0245,99.981,0.928,65,204826,FALSE,FALSE,FALSE,FALSE,FALSE,"Other"
"128",465,"THE LAST TIME","Red","2012-10-22",10,"3n9mzjgAzjyKawvbHzciXF","spotify:track:3n9mzjgAzjyKawvbHzciXF",0.035,0.505,0.443,3.15e-06,0.0921,-7.039,0.0276,94.069,0.123,36,298293,FALSE,FALSE,FALSE,FALSE,FALSE,"Other"
"129",466,"HOLY GROUND","Red","2012-10-22",11,"1fGsZsIkQkOspfsT24nQP6","spotify:track:1fGsZsIkQkOspfsT24nQP6",0.0162,0.627,0.816,0.00208,0.0966,-6.698,0.0774,157.043,0.648,66,201853,FALSE,FALSE,FALSE,FALSE,FALSE,"Other"
"130",468,"THE LUCKY ONE","Red","2012-10-22",13,"2X2J0BhxaLTmnxO4pPUhSd","spotify:track:2X2J0BhxaLTmnxO4pPUhSd",0.0371,0.706,0.499,0,0.132,-7.675,0.0369,117.937,0.545,64,240133,FALSE,FALSE,FALSE,FALSE,FALSE,"Other"
"131",470,"STARLIGHT","Red","2012-10-22",15,"7MecVsMj22MneZt7kVFaCr","spotify:track:7MecVsMj22MneZt7kVFaCr",0.0213,0.649,0.777,0.000335,0.221,-5.804,0.0406,126.018,0.587,65,217826,FALSE,FALSE,FALSE,FALSE,FALSE,"Other"
"132",471,"BEGIN AGAIN","Red","2012-10-22",16,"0L4YCNRfXAoTvdpWeH2RGj","spotify:track:0L4YCNRfXAoTvdpWeH2RGj",0.199,0.53,0.526,3.52e-06,0.232,-8.349,0.0263,79.025,0.323,68,237613,FALSE,FALSE,FALSE,FALSE,FALSE,"Other"
"133",508,"MINE","Speak Now","2010-10-25",1,"0dBW6ZsW8skfvoRfgeerBF","spotify:track:0dBW6ZsW8skfvoRfgeerBF",0.00265,0.624,0.757,1.87e-06,0.189,-2.94,0.0296,121.07,0.658,77,230706,FALSE,FALSE,FALSE,FALSE,FALSE,"Other"
"134",510,"BACK TO DECEMBER","Speak Now","2010-10-25",3,"3DrjZArsPsoqbLzUZZV1Id","spotify:track:3DrjZArsPsoqbLzUZZV1Id",0.117,0.529,0.67,0,0.334,-4.663,0.0303,141.893,0.286,77,293026,FALSE,FALSE,FALSE,FALSE,FALSE,"Other"
"135",512,"DEAR JOHN","Speak Now","2010-10-25",5,"7hZuICN5eaCuQyp443RCt6","spotify:track:7hZuICN5eaCuQyp443RCt6",0.166,0.589,0.47,1.45e-06,0.112,-5.32,0.028,119.386,0.102,72,403920,FALSE,FALSE,FALSE,FALSE,FALSE,"Other"
"136",514,"THE STORY OF US","Speak Now","2010-10-25",7,"3RBluWmSoG2pGA1OePzGJI","spotify:track:3RBluWmSoG2pGA1OePzGJI",0.00478,0.543,0.818,0.000368,0.0357,-3.611,0.0398,139.898,0.683,72,265666,FALSE,FALSE,FALSE,FALSE,FALSE,"Other"
"137",515,"NEVER GROW UP","Speak Now","2010-10-25",8,"1wJL1A0QUHJPf2cm7tsrdw","spotify:track:1wJL1A0QUHJPf2cm7tsrdw",0.819,0.714,0.305,0,0.174,-8.837,0.0305,124.91,0.554,67,290466,FALSE,FALSE,FALSE,FALSE,FALSE,"Other"
"138",516,"ENCHANTED","Speak Now","2010-10-25",9,"10eBRyImhfqVvkiVEGf0N0","spotify:track:10eBRyImhfqVvkiVEGf0N0",0.0739,0.455,0.623,0.000424,0.146,-3.878,0.0288,163.893,0.208,82,352186,FALSE,FALSE,FALSE,FALSE,FALSE,"Other"
"139",518,"INNOCENT","Speak Now","2010-10-25",11,"5GPwN5iZ9ZMSXAkppj4Uvv","spotify:track:5GPwN5iZ9ZMSXAkppj4Uvv",0.186,0.552,0.608,0,0.125,-5.29,0.0259,134.05,0.17,65,302253,FALSE,FALSE,FALSE,FALSE,FALSE,"Other"
"140",521,"LONG LIVE","Speak Now","2010-10-25",14,"6XDBA3QWX51lDJ0oZbaJJN","spotify:track:6XDBA3QWX51lDJ0oZbaJJN",0.036,0.418,0.68,7.59e-05,0.108,-4.3,0.0346,204.125,0.142,76,317946,FALSE,FALSE,FALSE,FALSE,FALSE,"Other"
"141",542,"FIFTEEN","Fearless","2008-11-11",2,"4t0OI7XrODjSkAu3bTPmWj","spotify:track:4t0OI7XrODjSkAu3bTPmWj",0.067,0.556,0.651,0,0.145,-4.396,0.0266,95.485,0.203,54,294333,FALSE,FALSE,FALSE,FALSE,FALSE,"Other"
"142",544,"HEY STEPHEN","Fearless","2008-11-11",4,"4WXzzCof26KJLTK5kK53dS","spotify:track:4WXzzCof26KJLTK5kK53dS",0.194,0.841,0.544,2.48e-06,0.108,-7.347,0.0309,115.994,0.831,45,254306,FALSE,FALSE,FALSE,FALSE,FALSE,"Other"
"143",551,"FOREVER & ALWAYS","Fearless","2008-11-11",11,"47HtKpfzpAt8rQjjXWotFj","spotify:track:47HtKpfzpAt8rQjjXWotFj",0.0752,0.608,0.821,0,0.11,-4.985,0.0576,128.042,0.544,46,225320,FALSE,FALSE,FALSE,FALSE,FALSE,"Other"
"144",563,"PICTURE TO BURN","Taylor Swift","2006-10-24",2,"32mVHdy0bi1XKgr0ajsBlG","spotify:track:32mVHdy0bi1XKgr0ajsBlG",0.173,0.658,0.877,0,0.0962,-2.098,0.0323,105.586,0.821,67,173066,FALSE,FALSE,FALSE,FALSE,FALSE,"Other"
"145",566,"COLD AS YOU","Taylor Swift","2006-10-24",5,"7an1exwMnfYRcdVQm0yDev","spotify:track:7an1exwMnfYRcdVQm0yDev",0.217,0.418,0.482,0,0.123,-5.769,0.0266,175.558,0.261,55,239013,FALSE,FALSE,FALSE,FALSE,FALSE,"Other"
"146",569,"STAY BEAUTIFUL","Taylor Swift","2006-10-24",8,"2ZoOmCSgj0ypVAmGd1ve4y","spotify:track:2ZoOmCSgj0ypVAmGd1ve4y",0.0868,0.594,0.629,0,0.137,-4.919,0.0246,131.597,0.504,54,236053,FALSE,FALSE,FALSE,FALSE,FALSE,"Other"
"147",571,"MARY'S SONG (OH MY MY MY)","Taylor Swift","2006-10-24",10,"2QrQCMel6v2JiLxqrg4p2O","spotify:track:2QrQCMel6v2JiLxqrg4p2O",0.0177,0.403,0.627,0,0.182,-5.28,0.0292,74.9,0.374,56,213080,FALSE,FALSE,FALSE,FALSE,FALSE,"Other"
"148",572,"OUR SONG","Taylor Swift","2006-10-24",11,"15DeqWWQB4dcEWzJg15VrN","spotify:track:15DeqWWQB4dcEWzJg15VrN",0.111,0.668,0.672,0,0.329,-4.931,0.0303,89.011,0.539,72,201106,FALSE,FALSE,FALSE,FALSE,FALSE,"Other"
"149",573,"I'M ONLY ME WHEN I'M WITH YOU","Taylor Swift","2006-10-24",12,"0JIdBrXGSJXS72zjF9ss9u","spotify:track:0JIdBrXGSJXS72zjF9ss9u",0.00452,0.563,0.934,0.000807,0.103,-3.629,0.0646,143.964,0.518,57,213053,FALSE,FALSE,FALSE,FALSE,FALSE,"Other"
"150",575,"A PERFECTLY GOOD HEART","Taylor Swift","2006-10-24",14,"1spLfUJxtyVyiKKTegQ2r4","spotify:track:1spLfUJxtyVyiKKTegQ2r4",0.00349,0.483,0.751,0,0.128,-5.726,0.0365,156.092,0.268,52,220146,FALSE,FALSE,FALSE,FALSE,FALSE,"Other"
